Workbook

Sheet ReadMe
A1: Hydrant inspection pilot scorecard
A2: Field Maps vs Survey123. Run the sessions from PILOT-SCRIPT.md.
A4: Yellow cells are for typing. Grey cells are filled in for you or calculated.
A6: Testers: one row per tester. Fill in company, phone and account before their session.
A7: Tasks: the observer logs time, result and ease for every task, in the order the rows are listed.
A8: After-app: the four questions after each app (1 strongly disagree, 5 strongly agree).
A9: Wrap-up: which app the tester would pick, and why.
A10: Data check: paste the output of check_pilot_records.py here (columns already match).
A11: Team criteria: the team scores each app 1 to 5. Agree on the weights before scoring.
A12: Summary: adds everything up and shows the must-pass checks and the combined score.
A13: Observer sheet: print one per tester if you'd rather take notes on paper.
A14: Answer key: the right values for every task card.
... A18: Team score = weighted Team criteria, scaled to 100.

Sheet Summary
A1: Pilot summary
A3: Measure | B3: Field Maps | C3: Survey123 | D3: How it's worked out
A4: Crew results (tasks 1 to 5)
A5: Tasks logged | B5: =COUNTIFS(Tasks!$C$2:$C$89,B$3,Tasks!$E$2:$E$89,"<>T6",Tasks!$I$2:$I$89,"<>") | C5: =COUNTIFS(Tasks!$C$2:$C$89,C$3,Tasks!$E$2:$E$89,"<>T6",Tasks!$I$2:$I$89,"<>") | D5: Tasks with a Result filled in
A6: Done alone | B6: =IFERROR(COUNTIFS(Tasks!$C$2:$C$89,B$3,Tasks!$E$2:$E$89,"<>T6",Tasks!$I$2:$I$89,"Alone")/B5,"") | C6: =IFERROR(COUNTIFS(Tasks!$C$2:$C$89,C$3,Tasks!$E$2:$E$89,"<>T6",Tasks!$I$2:$I$89,"Alone")/C5,"") | D6: Share of logged tasks
A7: Done with help | B7: =IFERROR(COUNTIFS(Tasks!$C$2:$C$89,B$3,Tasks!$E$2:$E$89,"<>T6",Tasks!$I$2:$I$89,"With help")/B5,"") | C7: =IFERROR(COUNTIFS(Tasks!$C$2:$C$89,C$3,Tasks!$E$2:$E$89,"<>T6",Tasks!$I$2:$I$89,"With help")/C5,"")
A8: Failed or skipped | B8: =IFERROR((COUNTIFS(Tasks!$C$2:$C$89,B$3,Tasks!$E$2:$E$89,"<>T6",Tasks!$I$2:$I$89,"Failed")+COUNTIFS(Tasks!$C$2:$C$89,B$3,Tasks!$E$2:$E$89,"<>T6",Tasks!$I$2:$I$89,"Skipped"))/B5,"") | C8: =IFERROR((COUNTIFS(Tasks!$C$2:$C$89,C$3,Tasks!$E$2:$E$89,"<>T6",Tasks!$I$2:$I$89,"Failed")+COUNTIFS(Tasks!$C$2:$C$89,C$3,Tasks!$E$2:$E$89,"<>T6",Tasks!$I$2:$I$89,"Skipped"))/C5,"")
A9: Average minutes per task | B9: =IFERROR(AVERAGEIFS(Tasks!$H$2:$H$89,Tasks!$C$2:$C$89,B$3,Tasks!$E$2:$E$89,"<>T6"),"") | C9: =IFERROR(AVERAGEIFS(Tasks!$H$2:$H$89,Tasks!$C$2:$C$89,C$3,Tasks!$E$2:$E$89,"<>T6"),"")
A10: Average ease (1 to 7) | B10: =IFERROR(AVERAGEIFS(Tasks!$J$2:$J$89,Tasks!$C$2:$C$89,B$3,Tasks!$E$2:$E$89,"<>T6"),"") | C10: =IFERROR(AVERAGEIFS(Tasks!$J$2:$J$89,Tasks!$C$2:$C$89,C$3,Tasks!$E$2:$E$89,"<>T6"),"") | D10: Asked after every task
A11: Offline task synced | B11: =IFERROR((COUNTIFS(Tasks!$C$2:$C$89,B$3,Tasks!$E$2:$E$89,"T5",Tasks!$I$2:$I$89,"Alone")+COUNTIFS(Tasks!$C$2:$C$89,B$3,Tasks!$E$2:$E$89,"T5",Tasks!$I$2:$I$89,"With help"))/COUNTIFS(Tasks!$C$2:$C$89,B$3,Tasks!$E$2:$E$89,"T5",Tasks!$I$2:$I$89,"<>"),"") | C11: =IFERROR((COUNTIFS(Tasks!$C$2:$C$89,C$3,Tasks!$E$2:$E$89,"T5",Tasks!$I$2:$I$89,"Alone")+COUNTIFS(Tasks!$C$2:$C$89,C$3,Tasks!$E$2:$E$89,"T5",Tasks!$I$2:$I$89,"With help"))/COUNTIFS(Tasks!$C$2:$C$89,C$3,Tasks!$E$2:$E$89,"T5",Tasks!$I$2:$I$89,"<>"),"") | D11: Task 5 done, alone or with help
A12: After-app agreement (1 to 5) | B12: =IFERROR(AVERAGEIFS('After-app'!$G$2:$G$17,'After-app'!$B$2:$B$17,B$3),"") | C12: =IFERROR(AVERAGEIFS('After-app'!$G$2:$G$17,'After-app'!$B$2:$B$17,C$3),"") | D12: Average of Q1 to Q4
A13: Testers who would pick it | B13: =COUNTIF('Wrap-up'!$B$2:$B$9,B$3) | C13: =COUNTIF('Wrap-up'!$B$2:$B$9,C$3) | D13: From Wrap-up
A14: Data quality (tasks 1 to 5)
A15: Records checked | B15: =COUNTIFS('Data check'!$D$2:$D$109,B$3,'Data check'!$B$2:$B$109,"<>T6",'Data check'!$G$2:$G$109,">=0") | C15: =COUNTIFS('Data check'!$D$2:$D$109,C$3,'Data check'!$B$2:$B$109,"<>T6",'Data check'!$G$2:$G$109,">=0") | D15: From Data check
A16: Tied to the right hydrant | B16: =IFERROR(COUNTIFS('Data check'!$D$2:$D$109,B$3,'Data check'!$B$2:$B$109,"<>T6",'Data check'!$F$2:$F$109,"Yes")/B15,"") | C16: =IFERROR(COUNTIFS('Data check'!$D$2:$D$109,C$3,'Data check'!$B$2:$B$109,"<>T6",'Data check'!$F$2:$F$109,"Yes")/C15,"")
A17: Records with no mistakes | B17: =IFERROR(COUNTIFS('Data check'!$D$2:$D$109,B$3,'Data check'!$B$2:$B$109,"<>T6",'Data check'!$G$2:$G$109,0)/B15,"") | C17: =IFERROR(COUNTIFS('Data check'!$D$2:$D$109,C$3,'Data check'!$B$2:$B$109,"<>T6",'Data check'!$G$2:$G$109,0)/C15,"")
A18: Average wrong fields per record | B18: =IFERROR(AVERAGEIFS('Data check'!$G$2:$G$109,'Data check'!$D$2:$D$109,B$3,'Data check'!$B$2:$B$109,"<>T6"),"") | C18: =IFERROR(AVERAGEIFS('Data check'!$G$2:$G$109,'Data check'!$D$2:$D$109,C$3,'Data check'!$B$2:$B$109,"<>T6"),"")
A19: No-account test (task 6, Survey123 only)
A20: Task 6 done alone | B20: n/a | C20: =IFERROR(COUNTIFS(Tasks!$E$2:$E$89,"T6",Tasks!$I$2:$I$89,"Alone")/COUNTIFS(Tasks!$E$2:$E$89,"T6",Tasks!$I$2:$I$89,"<>"),"")
A21: Task 6 records tied to a hydrant | B21: n/a | C21: =IFERROR(COUNTIFS('Data check'!$B$2:$B$109,"T6",'Data check'!$F$2:$F$109,"Yes")/COUNTIFS('Data check'!$B$2:$B$109,"T6",'Data check'!$G$2:$G$109,">=0"),"")
A22: Must pass
A23: 80% or more done alone | B23: =IF(B6="","",IF(B6>=0.8,"PASS","FAIL")) | C23: =IF(C6="","",IF(C6>=0.8,"PASS","FAIL"))
A24: 95% or more tied to the right hydrant | B24: =IF(B16="","",IF(B16>=0.95,"PASS","FAIL")) | C24: =IF(C16="","",IF(C16>=0.95,"PASS","FAIL"))
A25: Offline synced for every tester | B25: =IF(B11="","",IF(B11=1,"PASS","FAIL")) | C25: =IF(C11="","",IF(C11=1,"PASS","FAIL"))
A26: Scores (out of 100)
A27: Crew score | B27: =IFERROR(100*(0.4*B6+0.3*(B10-1)/6+0.3*(B12-1)/4),"") | C27: =IFERROR(100*(0.4*C6+0.3*(C10-1)/6+0.3*(C12-1)/4),"") | D27: 40% done alone, 30% ease, 30% after-app
A28: Team score | B28: =IF('Team criteria'!F$10=0,"",100*'Team criteria'!F$10/(5*'Team criteria'!$C$10)) | C28: =IF('Team criteria'!G$10=0,"",100*'Team criteria'!G$10/(5*'Team criteria'!$C$10)) | D28: Weighted Team criteria
A29: Combined score | B29: =IFERROR((B27+B28)/2,"") | C29: =IFERROR((C27+C28)/2,"") | D29: Crew and team weighted equally
A30: Closer than 10%? (then account access decides, see PILOT-SCRIPT.md) | B30: =IFERROR(IF(ABS(B29-C29)<0.1*MAX(B29,C29),"Yes","No"),"") | D30: Difference under 10% of the higher score
A32: Task 6 is reported on its own: the no-account path only exists in Survey123, and those records are expected to arrive without a hydrant link.

Sheet Testers
A1: Pilot ID | B1: Engine company | C1: Phone | D1: Has portal account | E1: First app | F1: First set | G1: Session date | H1: Notes
A2: P1 | E2: Field Maps | F2: A
A3: P2 | E3: Survey123 | F3: A
A4: P3 | E4: Field Maps | F4: B
A5: P4 | E5: Survey123 | F5: B
A6: P5 | E6: Field Maps | F6: A
A7: P6 | E7: Survey123 | F7: A
A8: P7 | E8: Field Maps | F8: B
A9: P8 | E9: Survey123 | F9: B

Sheet Tasks
A1: Pilot ID | B1: Block | C1: App | D1: Set | E1: Task | F1: Task name | G1: GIS ID | H1: Minutes | I1: Result | J1: Ease (1-7) | K1: Photo taken | L1: Notes
A2: P1 | B2: 1 | C2: Field Maps | D2: A | E2: T1 | F2: Routine check | G2: 0291
A3: P1 | B3: 1 | C3: Field Maps | D3: A | E3: T2 | F3: Low pressure, missing cap | G3: 0490
A4: P1 | B4: 1 | C4: Field Maps | D4: A | E4: T3 | F4: Several problems | G4: 3641
A5: P1 | B5: 1 | C5: Field Maps | D5: A | E5: T4 | F5: Hydrant not there | G5: 0718
A6: P1 | B6: 1 | C6: Field Maps | D6: A | E6: T5 | F6: No signal (offline) | G6: 3466
A7: P1 | B7: 2 | C7: Survey123 | D7: B | E7: T1 | F7: Routine check | G7: 0353
A8: P1 | B8: 2 | C8: Survey123 | D8: B | E8: T2 | F8: Low pressure, missing cap | G8: 0564
A9: P1 | B9: 2 | C9: Survey123 | D9: B | E9: T3 | F9: Several problems | G9: 3402
A10: P1 | B10: 2 | C10: Survey123 | D10: B | E10: T4 | F10: Hydrant not there | G10: 0570
A11: P1 | B11: 2 | C11: Survey123 | D11: B | E11: T5 | F11: No signal (offline) | G11: 3467
A12: P1 | B12: 2 | C12: Survey123 | D12: B | E12: T6 | F12: No account (Survey123 only) | G12: 3808
A13: P2 | B13: 1 | C13: Survey123 | D13: A | E13: T1 | F13: Routine check | G13: 0291
... A89: P8 | B89: 2 | C89: Field Maps | D89: A | E89: T5 | F89: No signal (offline) | G89: 3466

Sheet After-app
A1: Pilot ID | B1: App | C1: Q1 Could do it without help | D1: Q2 Quick enough for a shift | E1: Q3 Easy one-handed and outdoors | F1: Q4 Trust it saved correctly | G1: Average | H1: Most frustrating part
A2: P1 | B2: Field Maps | G2: =IF(COUNT(C2:F2)=0,"",AVERAGE(C2:F2))
A3: P1 | B3: Survey123 | G3: =IF(COUNT(C3:F3)=0,"",AVERAGE(C3:F3))
A4: P2 | B4: Survey123 | G4: =IF(COUNT(C4:F4)=0,"",AVERAGE(C4:F4))
A5: P2 | B5: Field Maps | G5: =IF(COUNT(C5:F5)=0,"",AVERAGE(C5:F5))
A6: P3 | B6: Field Maps | G6: =IF(COUNT(C6:F6)=0,"",AVERAGE(C6:F6))
A7: P3 | B7: Survey123 | G7: =IF(COUNT(C7:F7)=0,"",AVERAGE(C7:F7))
A8: P4 | B8: Survey123 | G8: =IF(COUNT(C8:F8)=0,"",AVERAGE(C8:F8))
A9: P4 | B9: Field Maps | G9: =IF(COUNT(C9:F9)=0,"",AVERAGE(C9:F9))
A10: P5 | B10: Field Maps | G10: =IF(COUNT(C10:F10)=0,"",AVERAGE(C10:F10))
A11: P5 | B11: Survey123 | G11: =IF(COUNT(C11:F11)=0,"",AVERAGE(C11:F11))
A12: P6 | B12: Survey123 | G12: =IF(COUNT(C12:F12)=0,"",AVERAGE(C12:F12))
A13: P6 | B13: Field Maps | G13: =IF(COUNT(C13:F13)=0,"",AVERAGE(C13:F13))
... A17: P8 | B17: Field Maps | G17: =IF(COUNT(C17:F17)=0,"",AVERAGE(C17:F17))

Sheet Wrap-up
A1: Pilot ID | B1: Would pick | C1: Why | D1: Anything neither app handled
A2: P1
A3: P2
A4: P3
A5: P4
A6: P5
A7: P6
A8: P7
A9: P8

Sheet Data check
A1: PilotID | B1: Task | C1: Set | D1: App | E1: GISID | F1: Linked | G1: WrongCount | H1: WrongFields | I1: ObjectID | J1: Note

Sheet Team criteria
A1: Criterion | B1: What a 5 looks like | C1: Weight | D1: Field Maps (1-5) | E1: Survey123 (1-5) | F1: Field Maps weighted | G1: Survey123 weighted | H1: Notes
A2: Crews without accounts can inspect | B2: Any crew member can submit, no sign-in or account request needed | C2: 20 | F2: =IF(D2="","",C2*D2) | G2: =IF(E2="","",C2*E2)
A3: Account and licensing cost | B3: No added licenses for 44 engine companies | C3: 15 | F3: =IF(D3="","",C3*D3) | G3: =IF(E3="","",C3*E3)
A4: Inspections tied to the right hydrant | B4: Every record lands under its hydrant without cleanup | C4: 20 | F4: =IF(D4="","",C4*D4) | G4: =IF(E4="","",C4*E4)
A5: Offline | B5: Works with no signal, map included, syncs without fuss | C5: 15 | F5: =IF(D5="","",C5*D5) | G5: =IF(E5="","",C5*E5)
A6: Upkeep | B6: Form and inspector list are quick to change and roll out | C6: 10 | F6: =IF(D6="","",C6*D6) | G6: =IF(E6="","",C6*E6)
A7: Dashboard and annual report | B7: Dashboard and FY report come straight from the data | C7: 10 | F7: =IF(D7="","",C7*D7) | G7: =IF(E7="","",C7*E7)
A8: Later Maximo link (FME Flow) | B8: Follow-up flags can become work requests with no rework | C8: 5 | F8: =IF(D8="","",C8*D8) | G8: =IF(E8="","",C8*E8)
A9: Security and sharing | B9: Fits SFPUC portal policy with no exceptions | C9: 5 | F9: =IF(D9="","",C9*D9) | G9: =IF(E9="","",C9*E9)
A10: Total | C10: =SUM(C2:C9) | F10: =SUM(F2:F9) | G10: =SUM(G2:G9)

Sheet Observer sheet
A1: Observer sheet Pilot ID: ______ Date: ________ App: ______________ Set: ___
A3: Task | B3: Start | C3: Stop | D3: Minutes | E3: Alone / Help / Failed | F3: Ease 1-7 | G3: Photo | H3: Where they got stuck, what they said
A4: T1
A5: T2
A6: T3
A7: T4
A8: T5
A9: T6 (S123)
A11: After-app (1-5): Q1 without help ___ Q2 quick enough ___ Q3 one-handed/outdoors ___ Q4 trust it saved ___
A13: Most frustrating part:

Sheet Answer key
A1: Task | B1: Set | C1: GISID | D1: FoundAtLoc | E1: Operable | F1: Corrosion | G1: Gauge | H1: Spindle | I1: LowPressure | J1: CapsMissing | K1: ShutoffValve | L1: Obstructed | M1: MissSerial | N1: MissSpindle | O1: MissMainSize | P1: MissShutoffDist | Q1: DmgThreads | R1: StrippedSpindle | S1: Leak | T1: PaintedOver | U1: DmgCap | V1: HardToOperate | W1: NeedsFollowup | X1: MinPhotos
A2: T1 | B2: A | C2: 0291 | D2: Yes | E2: Yes | F2: No | G2: 70 | H2: 62 | I2: No | J2: 0 | K2: OK | L2: No | M2: No | N2: No | O2: No | P2: No | Q2: No | R2: No | S2: No | T2: No | U2: No | V2: No | W2: No | X2: 0
A3: T1 | B3: B | C3: 0353 | D3: Yes | E3: Yes | F3: No | G3: 68 | H3: 60 | I3: No | J3: 0 | K3: OK | L3: No | M3: No | N3: No | O3: No | P3: No | Q3: No | R3: No | S3: No | T3: No | U3: No | V3: No | W3: No | X3: 0
A4: T2 | B4: A | C4: 0490 | D4: Yes | E4: Yes | F4: Yes | G4: 40 | H4: 55 | I4: Yes | J4: 1 | K4: OK | L4: No | M4: No | N4: No | O4: No | P4: No | Q4: No | R4: No | S4: No | T4: No | U4: No | V4: No | W4: Yes | X4: 1
A5: T2 | B5: B | C5: 0564 | D5: Yes | E5: Yes | F5: Yes | G5: 35 | H5: 50 | I5: Yes | J5: 1 | K5: OK | L5: No | M5: No | N5: No | O5: No | P5: No | Q5: No | R5: No | S5: No | T5: No | U5: No | V5: No | W5: Yes | X5: 1
A6: T3 | B6: A | C6: 3641 | D6: Yes | E6: Limited | F6: No | G6: 90 | H6: 88 | I6: No | J6: 0 | K6: Buried | L6: No | M6: No | N6: No | O6: Yes | P6: No | Q6: No | R6: No | S6: Yes | T6: No | U6: No | V6: Yes | W6: Yes | X6: 1
A7: T3 | B7: B | C7: 3402 | D7: Yes | E7: Limited | F7: No | G7: 70 | H7: 65 | I7: No | J7: 0 | K7: Buried | L7: No | M7: No | N7: No | O7: Yes | P7: No | Q7: No | R7: No | S7: Yes | T7: No | U7: No | V7: Yes | W7: Yes | X7: 1
A8: T4 | B8: A | C8: 0718 | D8: No | W8: Yes | X8: 1
A9: T4 | B9: B | C9: 0570 | D9: No | W9: Yes | X9: 1
A10: T5 | B10: A | C10: 3466 | D10: Yes | E10: Yes | F10: No | G10: 62 | H10: 60 | I10: No | J10: 0 | K10: OK | L10: Yes | M10: No | N10: No | O10: No | P10: No | Q10: No | R10: No | S10: No | T10: No | U10: No | V10: No | W10: Yes | X10: 1
A11: T5 | B11: B | C11: 3467 | D11: Yes | E11: Yes | F11: No | G11: 58 | H11: 55 | I11: No | J11: 0 | K11: OK | L11: Yes | M11: No | N11: No | O11: No | P11: No | Q11: No | R11: No | S11: No | T11: No | U11: No | V11: No | W11: Yes | X11: 1
A12: T6 | B12: A | C12: 3803 | D12: Yes | E12: Yes | F12: No | G12: 55 | H12: 50 | I12: No | J12: 0 | K12: OK | L12: No | M12: No | N12: No | O12: No | P12: No | Q12: No | R12: No | S12: No | T12: No | U12: No | V12: No | W12: No | X12: 0
A13: T6 | B13: B | C13: 3808 | D13: Yes | E13: Yes | F13: No | G13: 54 | H13: 50 | I13: No | J13: 0 | K13: OK | L13: No | M13: No | N13: No | O13: No | P13: No | Q13: No | R13: No | S13: No | T13: No | U13: No | V13: No | W13: No | X13: 0
